'num';'IDsurface';'IDcrs';'x1';'y1';'x2';'y2';'x3';'y3';'x4';'y4';'SupProchePt1';'SupProchePt2';'SupProchePt3';'SupProchePt4';'IdAllSupProche'
'30';'CRS3035RES200mN2032000E4250000';'LAEA200M_N10160E21250';'9.15461';'41.3854';'9.15699';'41.3855';'9.15696';'41.3873';'9.15458';'41.3872';'468919-377';'468919-291';'468919-245';'468919-342';'592323-468919'
'31';'CRS3035RES200mN2032000E4250200';'LAEA200M_N10160E21251';'9.15699';'41.3855';'9.15937';'41.3855';'9.15934';'41.3873';'9.15696';'41.3873';'468919-218';'468919-176';'468919-80';'468919-152';'592323-468919'
'32';'CRS3035RES200mN2032000E4250400';'LAEA200M_N10160E21252';'9.15937';'41.3855';'9.16175';'41.3855';'9.16172';'41.3873';'9.15934';'41.3873';'468919-185';'592323-209';'592323-114';'468919-97';'592323-1677047-468919'
'34';'CRS3035RES200mN2032000E4252000';'LAEA200M_N10160E21260';'9.17842';'41.3856';'9.18080';'41.3857';'9.18078';'41.3875';'9.17839';'41.3874';'579561-1294';'579561-1304';'579561-1403';'1677047-1358';'579561-592323-1677047'
'40';'CRS3035RES200mN2032200E4250200';'LAEA200M_N10161E21251';'9.15696';'41.3873';'9.15934';'41.3873';'9.15932';'41.3891';'9.15694';'41.3891';'468919-138';'468919-45';'468919-133';'468919-187';'592323-468919'
'41';'CRS3035RES200mN2032200E4250400';'LAEA200M_N10161E21252';'9.15934';'41.3873';'9.16172';'41.3873';'9.16170';'41.3891';'9.15932';'41.3891';'592323-52';'592323-47';'592323-107';'592323-111';'592323-1677047-468919'
'42';'CRS3035RES200mN2032200E4250600';'LAEA200M_N10161E21253';'9.16172';'41.3873';'9.16411';'41.3873';'9.16408';'41.3891';'9.16170';'41.3891';'592323-147';'1677047-192';'1677047-95';'1677047-108';'592323-1677047-468919'
'43';'CRS3035RES200mN2032200E4250800';'LAEA200M_N10161E21254';'9.16411';'41.3873';'9.16649';'41.3873';'9.16646';'41.3891';'9.16408';'41.3891';'1677047-233';'1677047-302';'1677047-251';'1677047-162';'592323-1677047'
'44';'CRS3035RES200mN2032200E4251000';'LAEA200M_N10161E21255';'9.16649';'41.3873';'9.16887';'41.3874';'9.16884';'41.3892';'9.16646';'41.3891';'1677047-384';'1677047-471';'1677047-441';'1677047-345';'592323-1677047'
'45';'CRS3035RES200mN2032200E4251200';'LAEA200M_N10161E21256';'9.16887';'41.3874';'9.17125';'41.3874';'9.17123';'41.3892';'9.16884';'41.3892';'1677047-563';'1677047-658';'1677047-637';'1677047-539';'592323-1677047'
'48';'CRS3035RES200mN2032200E4251800';'LAEA200M_N10161E21259';'9.17601';'41.3874';'9.17839';'41.3874';'9.17837';'41.3892';'9.17599';'41.3892';'1677047-1144';'1677047-1242';'1677047-1231';'1677047-1132';'579561-592323-1677047'
'49';'CRS3035RES200mN2032200E4252000';'LAEA200M_N10161E21260';'9.17839';'41.3874';'9.18078';'41.3875';'9.18075';'41.3893';'9.17837';'41.3892';'1677047-1340';'1677047-1439';'1677047-1429';'1677047-1330';'579561-671234-592323-1677047'
'52';'CRS3035RES200mN2032200E4252600';'LAEA200M_N10161E21263';'9.18554';'41.3875';'9.18792';'41.3875';'9.18790';'41.3893';'9.18551';'41.3893';'1875026-1293';'1875026-1204';'1875026-1256';'1875026-1341';'579561-671234-2012509-1875026'
'53';'CRS3035RES200mN2032200E4252800';'LAEA200M_N10161E21264';'9.18792';'41.3875';'9.19030';'41.3875';'9.19028';'41.3893';'9.18790';'41.3893';'1875026-1118';'1875026-1034';'1875026-1094';'1875026-1174';'671234-1875026'
'54';'CRS3035RES200mN2032200E4253000';'LAEA200M_N10161E21265';'9.19030';'41.3875';'9.19268';'41.3876';'9.19266';'41.3894';'9.19028';'41.3893';'1875026-955';'1875026-882';'1875026-952';'1875026-1019';'671234-1875026'
'56';'CRS3035RES200mN2032400E4250400';'LAEA200M_N10162E21252';'9.15932';'41.3891';'9.16170';'41.3891';'9.16168';'41.3909';'9.15929';'41.3909';'592323-204';'1677047-164';'1677047-199';'1677047-287';'592323-1677047-468919'
'57';'CRS3035RES200mN2032400E4250600';'LAEA200M_N10162E21253';'9.16170';'41.3891';'9.16408';'41.3891';'9.16406';'41.3909';'9.16168';'41.3909';'1677047-65';'1677047-37';'1677047-117';'1677047-129';'592323-1677047-468919'
'58';'CRS3035RES200mN2032400E4250800';'LAEA200M_N10162E21254';'9.16408';'41.3891';'9.16646';'41.3891';'9.16644';'41.3910';'9.16406';'41.3909';'1677047-134';'1677047-233';'1677047-260';'1677047-174';'592323-1677047'
'59';'CRS3035RES200mN2032400E4251000';'LAEA200M_N10162E21255';'9.16646';'41.3891';'9.16884';'41.3892';'9.16882';'41.3910';'9.16644';'41.3910';'1677047-335';'1677047-434';'1677047-450';'1677047-355';'592323-1677047'
'60';'CRS3035RES200mN2032400E4251200';'LAEA200M_N10162E21256';'9.16884';'41.3892';'9.17123';'41.3892';'9.17120';'41.3910';'9.16882';'41.3910';'1677047-533';'1677047-632';'1677047-642';'1677047-545';'592323-1677047'
'64';'CRS3035RES200mN2032400E4252600';'LAEA200M_N10162E21263';'9.18551';'41.3893';'9.18790';'41.3893';'9.18787';'41.3911';'9.18549';'41.3911';'1875026-1395';'1875026-1314';'1875026-1376';'1875026-1454';'671234-1762535-579561-1875026-2012509'
'70';'CRS3035RES200mN2032600E4251200';'LAEA200M_N10163E21256';'9.16882';'41.3910';'9.17120';'41.3910';'9.17118';'41.3928';'9.16880';'41.3928';'1677047-575';'1677047-668';'1677047-707';'1677047-620';'592323-1677047'
'72';'CRS3035RES200mN2032600E4252000';'LAEA200M_N10163E21260';'9.17835';'41.3911';'9.18073';'41.3911';'9.18070';'41.3929';'9.17832';'41.3929';'1677047-1346';'1677047-1444';'1677047-1462';'1677047-1366';'579561-592323-2012509-1677047'
'79';'CRS3035RES200mN2032800E4250800';'LAEA200M_N10164E21254';'9.16403';'41.3927';'9.16641';'41.3928';'9.16639';'41.3946';'9.16401';'41.3946';'1677047-437';'1677047-481';'1677047-571';'1677047-538';'592323-1677047'
'85';'CRS3035RES200mN2033000E4250400';'LAEA200M_N10165E21252';'9.15925';'41.3945';'9.16163';'41.3945';'9.16160';'41.3963';'9.15922';'41.3963';'1677047-669';'1677047-635';'1677047-733';'1677047-762';'592323-1677047-468919'
'87';'CRS3035RES200mN2033000E4251200';'LAEA200M_N10165E21256';'9.16877';'41.3946';'9.17115';'41.3946';'9.17113';'41.3964';'9.16875';'41.3964';'1677047-816';'1677047-883';'1677047-956';'1677047-894';'592323-1677047'
'97';'CRS3035RES200mN2033200E4251400';'LAEA200M_N10166E21257';'9.17113';'41.3964';'9.17351';'41.3964';'9.17349';'41.3982';'9.17110';'41.3982';'1677047-1096';'1677047-1164';'1677047-1236';'1677047-1172';'592323-1677047'
'103';'CRS3035RES200mN2033400E4250200';'LAEA200M_N10167E21251';'9.15681';'41.3981';'9.15920';'41.3981';'9.15917';'41.3999';'9.15679';'41.3999';'1677047-1117';'1677047-1079';'1677047-1174';'1677047-1209';'592323-1677047-468919'
'109';'CRS3035RES200mN2033400E4251800';'LAEA200M_N10167E21259';'9.17587';'41.3983';'9.17825';'41.3983';'9.17823';'41.4001';'9.17584';'41.4001';'1677047-1524';'1677047-1598';'2012509-1625';'1677047-1593';'592323-1762535-1677047-468919-2012509'
'115';'CRS3035RES200mN2033400E4255200';'LAEA200M_N10167E21276';'9.21636';'41.3986';'9.21874';'41.3986';'9.21872';'41.4004';'9.21634';'41.4004';'1677041-938';'1677041-868';'1677041-798';'1677041-875';'1677041'
'121';'CRS3035RES200mN2033600E4250000';'LAEA200M_N10168E21250';'9.15441';'41.3999';'9.15679';'41.3999';'9.15677';'41.4017';'9.15438';'41.4017';'1677047-1387';'1677047-1341';'1677047-1433';'1677047-1476';'592323-1677047-468919'
'124';'CRS3035RES200mN2033600E4250600';'LAEA200M_N10168E21253';'9.16155';'41.4000';'9.16394';'41.4000';'9.16391';'41.4018';'9.16153';'41.4018';'1677047-1227';'1677047-1224';'1677047-1325';'1677047-1327';'592323-1677047-468919'
'126';'CRS3035RES200mN2033600E4251000';'LAEA200M_N10168E21255';'9.16632';'41.4000';'9.16870';'41.4000';'9.16868';'41.4018';'9.16629';'41.4018';'1677047-1266';'1677047-1294';'1677047-1389';'1677047-1362';'592323-1677047'
'127';'CRS3035RES200mN2033600E4251600';'LAEA200M_N10168E21258';'9.17346';'41.4001';'9.17584';'41.4001';'9.17582';'41.4019';'9.17344';'41.4019';'1677047-1539';'1677047-1600';'1677047-1678';'1677047-1620';'592323-1677047'
'133';'CRS3035RES200mN2033600E4254400';'LAEA200M_N10168E21272';'9.20681';'41.4003';'9.20919';'41.4003';'9.20917';'41.4022';'9.20678';'41.4021';'1762535-831';'1762535-922';'1762535-887';'1762535-793';'2012509-1762535'
'143';'CRS3035RES200mN2033800E4250400';'LAEA200M_N10169E21252';'9.15915';'41.4017';'9.16153';'41.4018';'9.16151';'41.4036';'9.15912';'41.4036';'1677047-1444';'1677047-1434';'1677047-1533';'1677047-1548';'592323-1677047-468919'
'144';'CRS3035RES200mN2033800E4250600';'LAEA200M_N10169E21253';'9.16153';'41.4018';'9.16391';'41.4018';'9.16389';'41.4036';'9.16151';'41.4036';'1677047-1426';'1677047-1424';'1677047-1525';'1677047-1526';'592323-1677047-468919'
'145';'CRS3035RES200mN2033800E4250800';'LAEA200M_N10169E21254';'9.16391';'41.4018';'9.16629';'41.4018';'9.16627';'41.4036';'9.16389';'41.4036';'1677047-1429';'1677047-1441';'1677047-1540';'1677047-1529';'592323-1677047-468919'
'146';'CRS3035RES200mN2033800E4251000';'LAEA200M_N10169E21255';'9.16629';'41.4018';'9.16868';'41.4018';'9.16865';'41.4036';'9.16627';'41.4036';'1677047-1460';'1677047-1485';'1677047-1581';'1677047-1557';'592323-1677047'
'153';'CRS3035RES200mN2033800E4255600';'LAEA200M_N10169E21278';'9.22108';'41.4022';'9.22346';'41.4023';'9.22344';'41.4041';'9.22105';'41.4041';'1677041-376';'1677041-298';'1677041-235';'1677041-324';'1677041'
'155';'CRS3035RES200mN2033800E4256200';'LAEA200M_N10169E21281';'9.22822';'41.4023';'9.23060';'41.4023';'9.23058';'41.4041';'9.22820';'41.4041';'1677041-367';'1677041-451';'1677041-411';'1677041-317';'1677041'
'165';'CRS3035RES200mN2034000E4251000';'LAEA200M_N10170E21255';'9.16627';'41.4036';'9.16865';'41.4036';'9.16863';'41.4054';'9.16624';'41.4054';'1677047-1655';'1677047-1677';'1677047-1774';'1677047-1753';'592323-450868-1677047'
'176';'CRS3035RES200mN2034200E4249800';'LAEA200M_N10171E21249';'9.15195';'41.4053';'9.15433';'41.4053';'9.15431';'41.4071';'9.15193';'41.4071';'1677047-2015';'1677047-1973';'1677047-2066';'1677047-2106';'592323-1954157-609326-468919-1677047'
'183';'CRS3035RES200mN2034200E4251200';'LAEA200M_N10171E21256';'9.16863';'41.4054';'9.17101';'41.4055';'9.17098';'41.4073';'9.16860';'41.4072';'1677047-1898';'450868-1863';'450868-1768';'450868-1807';'592323-450868-1677047'
'186';'CRS3035RES200mN2034200E4252400';'LAEA200M_N10171E21262';'9.18292';'41.4056';'9.18530';'41.4056';'9.18528';'41.4074';'9.18290';'41.4074';'2012509-1108';'2012509-1012';'2012509-1044';'2012509-1138';'2012509-1762535'
'198';'CRS3035RES200mN2034400E4250800';'LAEA200M_N10172E21254';'9.16384';'41.4072';'9.16622';'41.4072';'9.16620';'41.4090';'9.16381';'41.4090';'450868-1902';'450868-1850';'450868-1765';'450868-1820';'592323-450868-1677047-468919'
'199';'CRS3035RES200mN2034400E4251000';'LAEA200M_N10172E21255';'9.16622';'41.4072';'9.16860';'41.4072';'9.16858';'41.4091';'9.16620';'41.4090';'450868-1800';'450868-1756';'450868-1661';'450868-1713';'450868-1677047'
'216';'CRS3035RES200mN2034600E4247400';'LAEA200M_N10173E21237';'9.12332';'41.4087';'9.12570';'41.4087';'9.12567';'41.4105';'9.12329';'41.4105';'609326-1970';'609326-1912';'609326-1831';'609326-1892';'1954157-609326'
'241';'CRS3035RES200mN2034800E4252000';'LAEA200M_N10174E21260';'9.17808';'41.4109';'9.18047';'41.4110';'9.18044';'41.4128';'9.17806';'41.4128';'450868-1183';'450868-1194';'450868-1096';'450868-1078';'450868'
'242';'CRS3035RES200mN2034800E4252200';'LAEA200M_N10174E21261';'9.18047';'41.4110';'9.18285';'41.4110';'9.18282';'41.4128';'9.18044';'41.4128';'450868-1217';'450868-1248';'450868-1155';'450868-1121';'450868-1202301'
'260';'CRS3035RES200mN2035600E4252000';'LAEA200M_N10178E21260';'9.17799';'41.4182';'9.18037';'41.4182';'9.18035';'41.4200';'9.17796';'41.4200';'450868-391';'450868-436';'450868-355';'450868-299';'450868'
'261';'CRS3035RES200mN2035600E4252200';'LAEA200M_N10178E21261';'9.18037';'41.4182';'9.18275';'41.4182';'9.18273';'41.4200';'9.18035';'41.4200';'450868-496';'450868-568';'450868-509';'450868-427';'450868-1202301'
'262';'CRS3035RES200mN2035600E4252400';'LAEA200M_N10178E21262';'9.18275';'41.4182';'9.18513';'41.4182';'9.18511';'41.4200';'9.18273';'41.4200';'450868-647';'450868-731';'1202301-655';'450868-595';'450868-1202301'
'273';'CRS3035RES200mN2035800E4253200';'LAEA200M_N10179E21266';'9.19226';'41.4201';'9.19464';'41.4201';'9.19462';'41.4219';'9.19224';'41.4219';'1202301-666';'1202301-737';'1202301-673';'1202301-595';'1202301'
'284';'CRS3035RES200mN2036200E4253600';'LAEA200M_N10181E21268';'9.19698';'41.4238';'9.19936';'41.4238';'9.19934';'41.4256';'9.19695';'41.4256';'1202301-844';'1202301-943';'1202301-938';'1202301-839';'1202301'
'330';'CRS3035RES200mN2042200E4246600';'LAEA200M_N10211E21233';'9.11281';'41.4773';'9.11519';'41.4773';'9.11516';'41.4791';'9.11278';'41.4791';'2082473-874';'2082473-964';'2082473-1006';'2082473-919';'2082473-1293725'
'339';'CRS3035RES200mN2042400E4246600';'LAEA200M_N10212E21233';'9.11278';'41.4791';'9.11516';'41.4791';'9.11514';'41.4809';'9.11275';'41.4809';'2082473-973';'2082473-1055';'2082473-1111';'2082473-1034';'2082473-1293725'
'340';'CRS3035RES200mN2042400E4246800';'LAEA200M_N10212E21234';'9.11516';'41.4791';'9.11755';'41.4791';'9.11752';'41.4809';'9.11514';'41.4809';'2082473-1140';'1293725-1149';'1293725-1071';'1293725-1138';'2082473-1293725'
'345';'CRS3035RES200mN2042600E4246400';'LAEA200M_N10213E21232';'9.11037';'41.4809';'9.11275';'41.4809';'9.11273';'41.4827';'9.11034';'41.4827';'2082473-968';'2082473-1031';'2082473-1107';'2082473-1048';'2082473-1293725'
'353';'CRS3035RES200mN2042800E4242000';'LAEA200M_N10214E21210';'9.05787';'41.4822';'9.06026';'41.4822';'9.06023';'41.4840';'9.05785';'41.4840';'273352-1669';'273352-1687';'273352-1588';'273352-1570';'273352'
'354';'CRS3035RES200mN2042800E4242200';'LAEA200M_N10214E21211';'9.06026';'41.4822';'9.06264';'41.4823';'9.06262';'41.4841';'9.06023';'41.4840';'273352-1707';'273352-1730';'273352-1635';'273352-1610';'273352'
'357';'CRS3035RES200mN2042800E4250400';'LAEA200M_N10214E21252';'9.15804';'41.4831';'9.16043';'41.4831';'9.16040';'41.4849';'9.15802';'41.4849';'1293725-2819';'1293725-2917';'1293725-2901';'1293725-2803';'2238917-1293725'
'359';'CRS3035RES200mN2042800E4258200';'LAEA200M_N10214E21291';'9.25106';'41.4838';'9.25344';'41.4839';'9.25342';'41.4857';'9.25104';'41.4857';'674868-117';'674868-215';'674868-231';'674868-145';'674868'
'362';'CRS3035RES200mN2043000E4241800';'LAEA200M_N10215E21209';'9.05546';'41.4840';'9.05785';'41.4840';'9.05782';'41.4858';'9.05543';'41.4858';'273352-1452';'273352-1458';'273352-1359';'273352-1352';'273352'
'364';'CRS3035RES200mN2043000E4242200';'LAEA200M_N10215E21211';'9.06023';'41.4840';'9.06262';'41.4841';'9.06259';'41.4859';'9.06020';'41.4858';'273352-1514';'273352-1540';'273352-1446';'273352-1418';'273352'
'367';'CRS3035RES200mN2043000E4247600';'LAEA200M_N10215E21238';'9.12463';'41.4846';'9.12701';'41.4846';'9.12699';'41.4865';'9.12460';'41.4864';'1293725-302';'1293725-316';'1293725-217';'1293725-202';'1293725'
'370';'CRS3035RES200mN2043200E4247200';'LAEA200M_N10216E21236';'9.11983';'41.4864';'9.12222';'41.4864';'9.12219';'41.4882';'9.11981';'41.4882';'1293725-418';'1293725-322';'1293725-306';'1293725-405';'1293725'
'372';'CRS3035RES200mN2043200E4247600';'LAEA200M_N10216E21238';'9.12460';'41.4864';'9.12699';'41.4865';'9.12696';'41.4883';'9.12458';'41.4882';'1293725-101';'1293725-132';'1293725-91';'1293725-8';'1293725'
'373';'CRS3035RES200mN2043200E4247800';'LAEA200M_N10216E21239';'9.12699';'41.4865';'9.12937';'41.4865';'9.12935';'41.4883';'9.12696';'41.4883';'1293725-213';'1293725-305';'1293725-290';'1293725-191';'1293725'
'374';'CRS3035RES200mN2043200E4248000';'LAEA200M_N10216E21240';'9.12937';'41.4865';'9.13176';'41.4865';'9.13173';'41.4883';'9.12935';'41.4883';'1293725-401';'1293725-498';'1293725-489';'1293725-389';'1293725'
'379';'CRS3035RES200mN2043400E4242000';'LAEA200M_N10217E21210';'9.05779';'41.4876';'9.06018';'41.4877';'9.06015';'41.4895';'9.05776';'41.4894';'273352-1074';'273352-1095';'273352-1000';'273352-977';'273352'
'381';'CRS3035RES200mN2043400E4242800';'LAEA200M_N10217E21214';'9.06733';'41.4877';'9.06972';'41.4877';'9.06969';'41.4896';'9.06731';'41.4895';'273352-1462';'273352-1534';'273352-1463';'273352-1392';'273352'
'382';'CRS3035RES200mN2043400E4247600';'LAEA200M_N10217E21238';'9.12458';'41.4882';'9.12696';'41.4883';'9.12694';'41.4901';'9.12455';'41.4900';'1293725-100';'1293725-139';'1293725-224';'1293725-200';'1293725'
'387';'CRS3035RES200mN2043600E4241800';'LAEA200M_N10218E21209';'9.05538';'41.4894';'9.05776';'41.4894';'9.05774';'41.4912';'9.05535';'41.4912';'273352-852';'273352-861';'273352-763';'273352-752';'273352'
'388';'CRS3035RES200mN2043600E4242000';'LAEA200M_N10218E21210';'9.05776';'41.4894';'9.06015';'41.4895';'9.06012';'41.4913';'9.05774';'41.4912';'273352-879';'273352-906';'273352-813';'273352-783';'273352'
'394';'CRS3035RES200mN2043600E4247600';'LAEA200M_N10218E21238';'9.12455';'41.4900';'9.12694';'41.4901';'9.12691';'41.4919';'9.12452';'41.4919';'1293725-302';'1293725-320';'1293725-417';'1293725-407';'1679074-1293725'
'397';'CRS3035RES200mN2043800E4241400';'LAEA200M_N10219E21207';'9.05058';'41.4912';'9.05297';'41.4912';'9.05294';'41.4930';'9.05055';'41.4930';'273352-746';'273352-703';'273352-612';'273352-661';'273352'
'398';'CRS3035RES200mN2043800E4241600';'LAEA200M_N10219E21208';'9.05297';'41.4912';'9.05535';'41.4912';'9.05532';'41.4930';'9.05294';'41.4930';'273352-672';'273352-654';'273352-555';'273352-576';'273352'
'399';'CRS3035RES200mN2043800E4241800';'LAEA200M_N10219E21209';'9.05535';'41.4912';'9.05774';'41.4912';'9.05771';'41.4931';'9.05532';'41.4930';'273352-650';'273352-662';'273352-559';'273352-550';'273352'
'400';'CRS3035RES200mN2043800E4242000';'LAEA200M_N10219E21210';'9.05774';'41.4912';'9.06012';'41.4913';'9.06009';'41.4931';'9.05771';'41.4931';'273352-687';'273352-722';'273352-634';'273352-588';'273352'
'403';'CRS3035RES200mN2043800E4247200';'LAEA200M_N10219E21236';'9.11975';'41.4918';'9.12214';'41.4918';'9.12211';'41.4936';'9.11973';'41.4936';'1293725-646';'1293725-587';'1679074-569';'1679074-618';'1679074-1293725'
'404';'CRS3035RES200mN2043800E4253600';'LAEA200M_N10219E21268';'9.19609';'41.4925';'9.19847';'41.4925';'9.19845';'41.4943';'9.19606';'41.4943';'1719365-3307';'1719365-3241';'1719365-3317';'1719365-3382';'1719365'
'406';'CRS3035RES200mN2044000E4241400';'LAEA200M_N10220E21207';'9.05055';'41.4930';'9.05294';'41.4930';'9.05291';'41.4948';'9.05053';'41.4948';'273352-581';'273352-524';'273352-442';'273352-508';'273352'
'407';'CRS3035RES200mN2044000E4241600';'LAEA200M_N10220E21208';'9.05294';'41.4930';'9.05532';'41.4930';'9.05530';'41.4948';'9.05291';'41.4948';'273352-481';'273352-456';'273352-357';'273352-390';'273352'
'408';'CRS3035RES200mN2044000E4241800';'LAEA200M_N10220E21209';'9.05532';'41.4930';'9.05771';'41.4931';'9.05768';'41.4949';'9.05530';'41.4948';'273352-449';'273352-461';'273352-365';'273352-349';'273352'
'412';'CRS3035RES200mN2044000E4253800';'LAEA200M_N10220E21269';'9.19845';'41.4943';'9.20083';'41.4943';'9.20081';'41.4961';'9.19842';'41.4961';'1719365-3332';'774669-3267';'774669-3223';'774669-3312';'774669-1719365'
'414';'CRS3035RES200mN2044200E4241800';'LAEA200M_N10221E21209';'9.05530';'41.4948';'9.05768';'41.4949';'9.05765';'41.4967';'9.05527';'41.4966';'273352-249';'273352-273';'273352-189';'273352-150';'273352'
'431';'CRS3035RES200mN2044600E4241800';'LAEA200M_N10223E21209';'9.05524';'41.4985';'9.05763';'41.4985';'9.05760';'41.5003';'9.05521';'41.5003';'273352-163';'273352-202';'273352-288';'273352-262';'273352'
'433';'CRS3035RES200mN2044600E4253200';'LAEA200M_N10223E21266';'9.19122';'41.4997';'9.19361';'41.4997';'9.19358';'41.5015';'9.19120';'41.5015';'774669-3711';'774669-3614';'774669-3592';'774669-3688';'1719365-774669'
'434';'CRS3035RES200mN2044600E4253400';'LAEA200M_N10223E21267';'9.19361';'41.4997';'9.19599';'41.4997';'9.19597';'41.5015';'9.19358';'41.5015';'774669-3518';'774669-3423';'774669-3398';'774669-3495';'1719365-774669'
'462';'CRS3035RES200mN2045200E4257800';'LAEA200M_N10226E21289';'9.24602';'41.5055';'9.24841';'41.5055';'9.24839';'41.5073';'9.24600';'41.5073';'774669-1003';'774669-1099';'774669-1079';'774669-980';'774669'
'465';'CRS3035RES200mN2045400E4249400';'LAEA200M_N10227E21247';'9.14579';'41.5065';'9.14818';'41.5065';'9.14815';'41.5083';'9.14577';'41.5083';'2238917-779';'2238917-876';'2238917-898';'2238917-804';'2238917'
'468';'CRS3035RES200mN2045400E4253400';'LAEA200M_N10227E21267';'9.19351';'41.5069';'9.19590';'41.5069';'9.19587';'41.5087';'9.19349';'41.5087';'774669-3408';'774669-3309';'774669-3308';'774669-3407';'774669'
'470';'CRS3035RES200mN2045400E4256600';'LAEA200M_N10227E21283';'9.23169';'41.5072';'9.23407';'41.5072';'9.23405';'41.5090';'9.23166';'41.5090';'774669-239';'774669-149';'774669-131';'774669-229';'774669'
'478';'CRS3035RES200mN2045600E4249200';'LAEA200M_N10228E21246';'9.14338';'41.5083';'9.14577';'41.5083';'9.14574';'41.5101';'9.14336';'41.5101';'2238917-665';'2238917-751';'2238917-802';'2238917-723';'2238917'
'479';'CRS3035RES200mN2045600E4249400';'LAEA200M_N10228E21247';'9.14577';'41.5083';'9.14815';'41.5083';'9.14813';'41.5101';'9.14574';'41.5101';'2238917-840';'2238917-931';'2238917-972';'2238917-886';'2238917'
'481';'CRS3035RES200mN2045600E4249800';'LAEA200M_N10228E21249';'9.15054';'41.5084';'9.15293';'41.5084';'9.15290';'41.5102';'9.15052';'41.5102';'2238917-1215';'2238917-1310';'2238917-1341';'2238917-1248';'2238917'
'488';'CRS3035RES200mN2045600E4256600';'LAEA200M_N10228E21283';'9.23166';'41.5090';'9.23405';'41.5090';'9.23403';'41.5108';'9.23164';'41.5108';'774669-260';'774669-179';'774669-259';'774669-321';'774669'
'494';'CRS3035RES200mN2045800E4238600';'LAEA200M_N10229E21193';'9.01690';'41.5089';'9.01929';'41.5090';'9.01926';'41.5108';'9.01687';'41.5107';'527817-3415';'273352-3345';'273352-3388';'527817-3406';'273352-527817'
'498';'CRS3035RES200mN2045800E4249000';'LAEA200M_N10229E21245';'9.14097';'41.5101';'9.14336';'41.5101';'9.14333';'41.5119';'9.14095';'41.5119';'2238917-663';'2238917-722';'2238917-801';'2238917-748';'2238917'
'500';'CRS3035RES200mN2045800E4249600';'LAEA200M_N10229E21248';'9.14813';'41.5101';'9.15052';'41.5102';'9.15049';'41.5120';'9.14810';'41.5119';'2238917-1109';'2238917-1198';'2238917-1247';'2238917-1161';'2238917'
'502';'CRS3035RES200mN2045800E4253200';'LAEA200M_N10229E21266';'9.19108';'41.5105';'9.19346';'41.5105';'9.19344';'41.5123';'9.19105';'41.5123';'774669-3621';'774669-3522';'774669-3533';'774669-3631';'774669'
'508';'CRS3035RES200mN2046000E4237800';'LAEA200M_N10230E21189';'9.00733';'41.5106';'9.00971';'41.5107';'9.00968';'41.5125';'9.00730';'41.5125';'527817-2607';'527817-2706';'527817-2702';'527817-2603';'527817'
'509';'CRS3035RES200mN2046000E4238000';'LAEA200M_N10230E21190';'9.00971';'41.5107';'9.01210';'41.5107';'9.01207';'41.5125';'9.00968';'41.5125';'527817-2804';'527817-2903';'527817-2900';'527817-2800';'527817'
'510';'CRS3035RES200mN2046000E4238200';'LAEA200M_N10230E21191';'9.01210';'41.5107';'9.01449';'41.5107';'9.01446';'41.5125';'9.01207';'41.5125';'527817-3003';'527817-3102';'527817-3099';'527817-2999';'527817'
'516';'CRS3035RES200mN2046200E4238000';'LAEA200M_N10231E21190';'9.00968';'41.5125';'9.01207';'41.5125';'9.01204';'41.5143';'9.00966';'41.5143';'527817-2800';'527817-2899';'527817-2903';'527817-2804';'527817'
'517';'CRS3035RES200mN2046200E4238200';'LAEA200M_N10231E21191';'9.01207';'41.5125';'9.01446';'41.5125';'9.01443';'41.5143';'9.01204';'41.5143';'527817-2999';'527817-3098';'527817-3101';'527817-3002';'527817'
'518';'CRS3035RES200mN2046200E4238400';'LAEA200M_N10231E21192';'9.01446';'41.5125';'9.01684';'41.5125';'9.01681';'41.5144';'9.01443';'41.5143';'527817-3196';'527817-3295';'527817-3298';'527817-3199';'273352-527817'
'524';'CRS3035RES200mN2046200E4255200';'LAEA200M_N10231E21276';'9.21489';'41.5143';'9.21728';'41.5143';'9.21726';'41.5161';'9.21487';'41.5161';'774669-1775';'774669-1685';'774669-1730';'774669-1819';'774669'
'525';'CRS3035RES200mN2046400E4237800';'LAEA200M_N10232E21189';'9.00727';'41.5143';'9.00966';'41.5143';'9.00963';'41.5161';'9.00724';'41.5161';'527817-2613';'527817-2712';'527817-2723';'527817-2625';'527817'
'527';'CRS3035RES200mN2046400E4238200';'LAEA200M_N10232E21191';'9.01204';'41.5143';'9.01443';'41.5143';'9.01440';'41.5161';'9.01201';'41.5161';'527817-3008';'527817-3108';'527817-3117';'527817-3018';'527817'
'528';'CRS3035RES200mN2046400E4238400';'LAEA200M_N10232E21192';'9.01443';'41.5143';'9.01681';'41.5144';'9.01679';'41.5162';'9.01440';'41.5161';'527817-3207';'527817-3306';'527817-3315';'527817-3216';'527817'
'530';'CRS3035RES200mN2046400E4245200';'LAEA200M_N10232E21226';'9.09556';'41.5151';'9.09794';'41.5151';'9.09792';'41.5169';'9.09553';'41.5169';'1679074-3076';'1679074-3001';'1679074-3068';'1679074-3142';'1679074'
'535';'CRS3035RES200mN2046400E4255800';'LAEA200M_N10232E21279';'9.22203';'41.5162';'9.22442';'41.5162';'9.22439';'41.5180';'9.22201';'41.5180';'774669-1385';'774669-1313';'774669-1386';'774669-1455';'774669'
'541';'CRS3035RES200mN2046600E4245000';'LAEA200M_N10233E21225';'9.09315';'41.5169';'9.09553';'41.5169';'9.09551';'41.5187';'9.09312';'41.5187';'1679074-3359';'1679074-3284';'1679074-3352';'1679074-3425';'1679074'
'542';'CRS3035RES200mN2046600E4245200';'LAEA200M_N10233E21226';'9.09553';'41.5169';'9.09792';'41.5169';'9.09789';'41.5187';'9.09551';'41.5187';'1679074-3210';'1679074-3138';'1679074-3209';'1679074-3279';'1679074'
'556';'CRS3035RES200mN2046800E4245000';'LAEA200M_N10234E21225';'9.09312';'41.5187';'9.09551';'41.5187';'9.09548';'41.5205';'9.09309';'41.5205';'1679074-3493';'1679074-3421';'1679074-3492';'1679074-3563';'1679074'
'557';'CRS3035RES200mN2046800E4245200';'LAEA200M_N10234E21226';'9.09551';'41.5187';'9.09789';'41.5187';'9.09787';'41.5205';'9.09548';'41.5205';'1679074-3350';'1679074-3281';'1679074-3355';'1679074-3423';'1679074'
'559';'CRS3035RES200mN2046800E4248000';'LAEA200M_N10234E21240';'9.12891';'41.5190';'9.13130';'41.5190';'9.13128';'41.5208';'9.12889';'41.5208';'2238917-1674';'2238917-1638';'2238917-1733';'2238917-1767';'2238917'
'573';'CRS3035RES200mN2047000E4249000';'LAEA200M_N10235E21245';'9.14082';'41.5209';'9.14321';'41.5209';'9.14318';'41.5228';'9.14080';'41.5227';'2238917-1792';'2238917-1814';'2238917-1916';'2238917-1890';'2238917'
'579';'CRS3035RES200mN2047000E4258800';'LAEA200M_N10235E21294';'9.25776';'41.5219';'9.26015';'41.5219';'9.26012';'41.5237';'9.25774';'41.5237';'2238743-164';'2238743-263';'2238743-286';'2238743-199';'1649513-1887994-2238743'
'580';'CRS3035RES200mN2047000E4259000';'LAEA200M_N10235E21295';'9.26015';'41.5219';'9.26253';'41.5219';'9.26251';'41.5237';'9.26012';'41.5237';'2238743-363';'2238743-462';'2238743-474';'2238743-379';'1649513-1887994-2238743'
'582';'CRS3035RES200mN2047200E4233800';'LAEA200M_N10236E21169';'8.95943';'41.5210';'8.96181';'41.5210';'8.96178';'41.5228';'8.95939';'41.5228';'527817-1725';'527817-1647';'527817-1712';'527817-1788';'527817'
'583';'CRS3035RES200mN2047200E4244000';'LAEA200M_N10236E21220';'9.08113';'41.5222';'9.08352';'41.5222';'9.08349';'41.5240';'9.08111';'41.5240';'273352-3546';'273352-3608';'273352-3686';'273352-3625';'273352'
'586';'CRS3035RES200mN2047200E4249000';'LAEA200M_N10236E21245';'9.14080';'41.5227';'9.14318';'41.5228';'9.14316';'41.5246';'9.14077';'41.5245';'2238917-1990';'2238917-2015';'2238917-2113';'2238917-2089';'2238917'
'587';'CRS3035RES200mN2047200E4249200';'LAEA200M_N10236E21246';'9.14318';'41.5228';'9.14557';'41.5228';'9.14554';'41.5246';'9.14316';'41.5246';'2238917-2042';'2238917-2071';'2238917-2166';'2238917-2139';'2238917'
'595';'CRS3035RES200mN2047400E4247600';'LAEA200M_N10237E21238';'9.12406';'41.5244';'9.12645';'41.5244';'9.12643';'41.5262';'9.12404';'41.5262';'2238917-2388';'2238917-2346';'2238917-2438';'2238917-2478';'2238917'
'596';'CRS3035RES200mN2047400E4249400';'LAEA200M_N10237E21247';'9.14554';'41.5246';'9.14793';'41.5246';'9.14791';'41.5264';'9.14552';'41.5264';'2238917-2292';'2238917-2326';'2238917-2419';'2238917-2386';'2238917'
'610';'CRS3035RES200mN2047800E4243600';'LAEA200M_N10239E21218';'9.07628';'41.5276';'9.07867';'41.5276';'9.07864';'41.5294';'9.07625';'41.5294';'273352-3834';'273352-3881';'273352-3968';'273352-3922';'273352'
'630';'CRS3035RES200mN2048000E4260800';'LAEA200M_N10240E21304';'9.28152';'41.5311';'9.28391';'41.5311';'9.28388';'41.5329';'9.28150';'41.5329';'775252-757';'775252-792';'775252-701';'775252-661';'775252'
'633';'CRS3035RES200mN2048200E4250600';'LAEA200M_N10241E21253';'9.15977';'41.5319';'9.16215';'41.5320';'9.16213';'41.5338';'9.15974';'41.5337';'2238917-3551';'2238917-3610';'2238917-3693';'2238917-3635';'2238917-1828622-666487'
'649';'CRS3035RES200mN2048400E4261000';'LAEA200M_N10242E21305';'9.28386';'41.5347';'9.28625';'41.5347';'9.28623';'41.5365';'9.28384';'41.5365';'775252-528';'775252-609';'775252-562';'775252-472';'775252'
'664';'CRS3035RES200mN2048800E4259000';'LAEA200M_N10244E21295';'9.25995';'41.5382';'9.26234';'41.5382';'9.26232';'41.5400';'9.25993';'41.5400';'775252-1575';'775252-1476';'775252-1484';'775252-1583';'1649513-1887994-775252-2238743'
'666';'CRS3035RES200mN2048800E4259400';'LAEA200M_N10244E21297';'9.26472';'41.5382';'9.26711';'41.5382';'9.26709';'41.5400';'9.26470';'41.5400';'775252-1178';'775252-1079';'775252-1091';'775252-1189';'775252'
'670';'CRS3035RES200mN2049000E4225200';'LAEA200M_N10245E21126';'8.85651';'41.5362';'8.85890';'41.5362';'8.85886';'41.5380';'8.85648';'41.5380';'264648-446';'264648-434';'264648-334';'264648-350';'264648'
'687';'CRS3035RES200mN2049200E4225000';'LAEA200M_N10246E21125';'8.85409';'41.5379';'8.85648';'41.5380';'8.85644';'41.5398';'8.85406';'41.5397';'264648-389';'264648-313';'264648-248';'264648-337';'264648'
'692';'CRS3035RES200mN2049200E4259200';'LAEA200M_N10246E21296';'9.26229';'41.5418';'9.26468';'41.5418';'9.26466';'41.5436';'9.26227';'41.5436';'775252-1456';'775252-1362';'775252-1400';'775252-1491';'775252'
'694';'CRS3035RES200mN2049200E4260400';'LAEA200M_N10246E21302';'9.27662';'41.5419';'9.27901';'41.5419';'9.27898';'41.5437';'9.27660';'41.5437';'775252-513';'775252-486';'775252-584';'775252-607';'775252'
'701';'CRS3035RES200mN2049400E4224600';'LAEA200M_N10247E21123';'8.84928';'41.5397';'8.85167';'41.5397';'8.85164';'41.5415';'8.84925';'41.5415';'264648-706';'264648-607';'264648-609';'264648-708';'264648'
'702';'CRS3035RES200mN2049400E4224800';'LAEA200M_N10247E21124';'8.85167';'41.5397';'8.85406';'41.5397';'8.85402';'41.5415';'8.85164';'41.5415';'264648-508';'264648-409';'264648-412';'264648-510';'264648'
'708';'CRS3035RES200mN2049400E4253600';'LAEA200M_N10247E21268';'9.19543';'41.5431';'9.19781';'41.5431';'9.19779';'41.5449';'9.19540';'41.5449';'1828622-4240';'1828622-4309';'1828622-4237';'1828622-4167';'1828622-666487'
'713';'CRS3035RES200mN2049400E4259600';'LAEA200M_N10247E21298';'9.26705';'41.5436';'9.26943';'41.5436';'9.26941';'41.5455';'9.26703';'41.5454';'775252-1189';'775252-1109';'775252-1176';'775252-1249';'775252'
'714';'CRS3035RES200mN2049400E4259800';'LAEA200M_N10247E21299';'9.26943';'41.5436';'9.27182';'41.5437';'9.27180';'41.5455';'9.26941';'41.5455';'775252-1031';'775252-962';'775252-1035';'775252-1103';'775252'
'717';'CRS3035RES200mN2049400E4261000';'LAEA200M_N10247E21305';'9.28376';'41.5437';'9.28615';'41.5438';'9.28613';'41.5456';'9.28374';'41.5456';'775252-796';'775252-856';'776421-844';'775252-888';'775252-776421'
'718';'CRS3035RES200mN2049400E4261200';'LAEA200M_N10247E21306';'9.28615';'41.5438';'9.28853';'41.5438';'9.28851';'41.5456';'9.28613';'41.5456';'776421-771';'776421-678';'776421-650';'776421-747';'775252-776421'
'722';'CRS3035RES200mN2049600E4224800';'LAEA200M_N10248E21124';'8.85164';'41.5415';'8.85402';'41.5415';'8.85399';'41.5434';'8.85160';'41.5433';'264648-533';'264648-439';'264648-488';'264648-572';'264648'
'726';'CRS3035RES200mN2049600E4253200';'LAEA200M_N10248E21266';'9.19063';'41.5448';'9.19302';'41.5449';'9.19299';'41.5467';'9.19061';'41.5467';'1828622-3828';'1828622-3890';'1828622-3816';'1828622-3749';'1828622-666487'
'727';'CRS3035RES200mN2049600E4253400';'LAEA200M_N10248E21267';'9.19302';'41.5449';'9.19540';'41.5449';'9.19538';'41.5467';'9.19299';'41.5467';'1828622-3956';'1828622-4025';'1828622-3954';'1828622-3883';'1828622-666487'
'728';'CRS3035RES200mN2049600E4253600';'LAEA200M_N10248E21268';'9.19540';'41.5449';'9.19779';'41.5449';'9.19777';'41.5467';'9.19538';'41.5467';'1828622-4095';'1828622-4167';'1828622-4098';'1828622-4025';'1828622-666487'
'729';'CRS3035RES200mN2049600E4253800';'LAEA200M_N10248E21269';'9.19779';'41.5449';'9.20018';'41.5449';'9.20015';'41.5467';'9.19777';'41.5467';'1828622-4240';'1828622-4314';'1828622-4247';'1828622-4172';'1828622-666487'
'730';'CRS3035RES200mN2049600E4254000';'LAEA200M_N10248E21270';'9.20018';'41.5449';'9.20257';'41.5449';'9.20254';'41.5468';'9.20015';'41.5467';'1828622-4387';'1828622-4462';'1828622-4394';'1828622-4321';'774669-1828622-666487'
'731';'CRS3035RES200mN2049600E4254200';'LAEA200M_N10248E21271';'9.20257';'41.5449';'9.20495';'41.5450';'9.20493';'41.5468';'9.20254';'41.5468';'1828622-4539';'1828622-4613';'1828622-4551';'1828622-4472';'774669-1828622-666487'
'736';'CRS3035RES200mN2049600E4259800';'LAEA200M_N10248E21299';'9.26941';'41.5455';'9.27180';'41.5455';'9.27178';'41.5473';'9.26939';'41.5473';'775252-1179';'775252-1115';'775252-1196';'775252-1255';'775252'
'737';'CRS3035RES200mN2049600E4260000';'LAEA200M_N10248E21300';'9.27180';'41.5455';'9.27419';'41.5455';'9.27417';'41.5473';'9.27178';'41.5473';'775252-1056';'775252-1004';'775252-1093';'775252-1141';'775252'
'739';'CRS3035RES200mN2049600E4261000';'LAEA200M_N10248E21305';'9.28374';'41.5456';'9.28613';'41.5456';'9.28610';'41.5474';'9.28372';'41.5474';'776421-935';'776421-836';'776421-838';'776421-937';'775252-776421'
'740';'CRS3035RES200mN2049600E4261200';'LAEA200M_N10248E21306';'9.28613';'41.5456';'9.28851';'41.5456';'9.28849';'41.5474';'9.28610';'41.5474';'776421-737';'776421-638';'776421-640';'776421-739';'775252-776421'
'748';'CRS3035RES200mN2049800E4259200';'LAEA200M_N10249E21296';'9.26223';'41.5472';'9.26462';'41.5472';'9.26460';'41.5490';'9.26221';'41.5490';'775252-1747';'775252-1670';'775252-1736';'775252-1811';'1922268-775252'
'749';'CRS3035RES200mN2049800E4259400';'LAEA200M_N10249E21297';'9.26462';'41.5472';'9.26700';'41.5472';'9.26698';'41.5491';'9.26460';'41.5490';'775252-1597';'775252-1524';'775252-1601';'775252-1666';'1922268-775252'
'751';'CRS3035RES200mN2049800E4259800';'LAEA200M_N10249E21299';'9.26939';'41.5473';'9.27178';'41.5473';'9.27176';'41.5491';'9.26937';'41.5491';'775252-1335';'775252-1279';'775252-1365';'775252-1418';'1922268-775252'
'752';'CRS3035RES200mN2049800E4261000';'LAEA200M_N10249E21305';'9.28372';'41.5474';'9.28610';'41.5474';'9.28608';'41.5492';'9.28370';'41.5492';'776421-950';'776421-853';'776421-878';'776421-973';'775252-776421'
'759';'CRS3035RES200mN2050000E4251600';'LAEA200M_N10250E21258';'9.17148';'41.5483';'9.17387';'41.5483';'9.17384';'41.5501';'9.17146';'41.5501';'1828622-2657';'1828622-2694';'1828622-2601';'1828622-2563';'1828622-666487'
'763';'CRS3035RES200mN2050000E4259400';'LAEA200M_N10250E21297';'9.26460';'41.5490';'9.26698';'41.5491';'9.26696';'41.5509';'9.26457';'41.5508';'1922268-1713';'1922268-1660';'1922268-1572';'1922268-1628';'1922268-775252'
'771';'CRS3035RES200mN2050200E4251400';'LAEA200M_N10251E21257';'9.16907';'41.5501';'9.17146';'41.5501';'9.17143';'41.5519';'9.16905';'41.5519';'1828622-2402';'1828622-2434';'1828622-2340';'1828622-2307';'1828622-666487'
'776';'CRS3035RES200mN2050200E4257200';'LAEA200M_N10251E21286';'9.23831';'41.5506';'9.24070';'41.5507';'9.24068';'41.5525';'9.23829';'41.5525';'1922268-3315';'1922268-3221';'1922268-3183';'1922268-3276';'1649513-1887994-1922268-2238743'
'791';'CRS3035RES200mN2050400E4257200';'LAEA200M_N10252E21286';'9.23829';'41.5525';'9.24068';'41.5525';'9.24065';'41.5543';'9.23827';'41.5543';'1922268-3242';'1922268-3149';'1922268-3117';'1922268-3211';'1649513-1887994-1922268-2238743'
'792';'CRS3035RES200mN2050400E4257400';'LAEA200M_N10252E21287';'9.24068';'41.5525';'9.24306';'41.5525';'9.24304';'41.5543';'9.24065';'41.5543';'1922268-3056';'1922268-2964';'1922268-2929';'1922268-3023';'1649513-1887994-1922268-2238743'
'794';'CRS3035RES200mN2050400E4258800';'LAEA200M_N10252E21294';'9.25739';'41.5526';'9.25978';'41.5526';'9.25976';'41.5544';'9.25737';'41.5544';'1922268-1819';'1922268-1740';'1922268-1681';'1922268-1762';'1922268'
'795';'CRS3035RES200mN2050400E4259000';'LAEA200M_N10252E21295';'9.25978';'41.5526';'9.26216';'41.5526';'9.26214';'41.5544';'9.25976';'41.5544';'1922268-1664';'1922268-1590';'1922268-1524';'1922268-1601';'1922268'
'802';'CRS3035RES200mN2050600E4230200';'LAEA200M_N10253E21151';'8.91593';'41.5513';'8.91832';'41.5513';'8.91829';'41.5531';'8.91590';'41.5531';'264648-5001';'264648-5098';'264648-5122';'264648-5026';'264648-1663201-774659-1676337'
'805';'CRS3035RES200mN2050600E4257200';'LAEA200M_N10253E21286';'9.23827';'41.5543';'9.24065';'41.5543';'9.24063';'41.5561';'9.23824';'41.5561';'1922268-3182';'1922268-3087';'1922268-3060';'1922268-3157';'1649513-1887994-1922268-2238743'
'807';'CRS3035RES200mN2050600E4258800';'LAEA200M_N10253E21294';'9.25737';'41.5544';'9.25976';'41.5544';'9.25973';'41.5562';'9.25735';'41.5562';'1922268-1709';'1922268-1625';'1922268-1574';'1922268-1661';'1922268'
'815';'CRS3035RES200mN2050800E4251600';'LAEA200M_N10254E21258';'9.17138';'41.5555';'9.17377';'41.5556';'9.17375';'41.5574';'9.17136';'41.5573';'1828622-1922';'1828622-1967';'1828622-1882';'1828622-1834';'1828622-666487'
'821';'CRS3035RES200mN2050800E4260000';'LAEA200M_N10254E21300';'9.27167';'41.5563';'9.27406';'41.5563';'9.27404';'41.5581';'9.27165';'41.5581';'1922268-724';'1922268-693';'1922268-597';'1922268-633';'1922268'
'835';'CRS3035RES200mN2051000E4257400';'LAEA200M_N10255E21287';'9.24061';'41.5579';'9.24300';'41.5579';'9.24297';'41.5597';'9.24059';'41.5597';'1922268-2901';'1922268-2803';'1922268-2789';'1922268-2887';'1922268'
'836';'CRS3035RES200mN2051000E4257600';'LAEA200M_N10255E21288';'9.24300';'41.5579';'9.24538';'41.5579';'9.24536';'41.5597';'9.24297';'41.5597';'1922268-2706';'1922268-2608';'1922268-2592';'1922268-2690';'1922268'
'837';'CRS3035RES200mN2051000E4260000';'LAEA200M_N10255E21300';'9.27165';'41.5581';'9.27404';'41.5581';'9.27402';'41.5600';'9.27163';'41.5599';'1922268-545';'1922268-501';'1922268-405';'1922268-462';'1922268'
'838';'CRS3035RES200mN2051000E4260200';'LAEA200M_N10255E21301';'9.27404';'41.5581';'9.27643';'41.5582';'9.27641';'41.5600';'9.27402';'41.5600';'1922268-472';'1922268-461';'1922268-361';'1922268-368';'1922268'
'839';'CRS3035RES200mN2051000E4261200';'LAEA200M_N10255E21306';'9.28598';'41.5582';'9.28837';'41.5582';'9.28835';'41.5601';'9.28596';'41.5600';'1922268-1024';'1922268-1113';'1922268-1074';'1922268-982';'1922268-776421'
'840';'CRS3035RES200mN2051000E4261400';'LAEA200M_N10255E21307';'9.28837';'41.5582';'9.29076';'41.5583';'9.29073';'41.5601';'9.28835';'41.5601';'1922268-1206';'1922268-1297';'1922268-1264';'1922268-1170';'1922268-776421'
'843';'CRS3035RES200mN2051000E4262600';'LAEA200M_N10255E21313';'9.30269';'41.5583';'9.30508';'41.5584';'9.30506';'41.5602';'9.30267';'41.5602';'674287-1244';'674287-1145';'674287-1133';'674287-1232';'776421-674287'
'858';'CRS3035RES200mN2051200E4260000';'LAEA200M_N10256E21300';'9.27163';'41.5599';'9.27402';'41.5600';'9.27400';'41.5618';'9.27161';'41.5617';'1922268-385';'1922268-316';'1922268-241';'1922268-325';'1922268'
'860';'CRS3035RES200mN2051200E4260400';'LAEA200M_N10256E21302';'9.27641';'41.5600';'9.27879';'41.5600';'9.27877';'41.5618';'9.27639';'41.5618';'1922268-285';'1922268-339';'1922268-270';'1922268-199';'1922268'
'862';'CRS3035RES200mN2051200E4261000';'LAEA200M_N10256E21305';'9.28357';'41.5600';'9.28596';'41.5600';'9.28594';'41.5618';'9.28355';'41.5618';'1922268-762';'1922268-856';'1922268-830';'1922268-733';'1922268'
'863';'CRS3035RES200mN2051200E4261200';'LAEA200M_N10256E21306';'9.28596';'41.5600';'9.28835';'41.5601';'9.28833';'41.5619';'9.28594';'41.5618';'1922268-950';'1922268-1045';'1922268-1025';'1922268-928';'1922268'
'869';'CRS3035RES200mN2051400E4229400';'LAEA200M_N10257E21147';'8.90625';'41.5584';'8.90864';'41.5584';'8.90861';'41.5602';'8.90622';'41.5602';'264648-4521';'264648-4610';'264648-4654';'264648-4566';'264648-774659'
'876';'CRS3035RES200mN2051400E4257200';'LAEA200M_N10257E21286';'9.23818';'41.5615';'9.24056';'41.5615';'9.24054';'41.5633';'9.23815';'41.5633';'1922268-3063';'1922268-2964';'1922268-2963';'1922268-3063';'1922268-445750'
'877';'CRS3035RES200mN2051400E4257400';'LAEA200M_N10257E21287';'9.24056';'41.5615';'9.24295';'41.5615';'9.24293';'41.5633';'9.24054';'41.5633';'1922268-2865';'1922268-2765';'1922268-2765';'1922268-2864';'1922268-445750'
'880';'CRS3035RES200mN2051400E4260000';'LAEA200M_N10257E21300';'9.27161';'41.5617';'9.27400';'41.5618';'9.27398';'41.5636';'9.27159';'41.5635';'1922268-287';'1922268-190';'1922268-185';'1922268-282';'1922268'
'881';'CRS3035RES200mN2051400E4260200';'LAEA200M_N10257E21301';'9.27400';'41.5618';'9.27639';'41.5618';'9.27636';'41.5636';'9.27398';'41.5636';'1922268-99';'1922268-62';'1922268-45';'1922268-91';'1922268'
'897';'CRS3035RES200mN2051600E4257400';'LAEA200M_N10258E21287';'9.24054';'41.5633';'9.24293';'41.5633';'9.24291';'41.5651';'9.24052';'41.5651';'1922268-2867';'1922268-2767';'1922268-2774';'1922268-2873';'1922268-445750'
'898';'CRS3035RES200mN2051600E4257600';'LAEA200M_N10258E21288';'9.24293';'41.5633';'9.24532';'41.5634';'9.24530';'41.5652';'9.24291';'41.5651';'1922268-2668';'1922268-2569';'1922268-2576';'1922268-2675';'1922268-445750'
'900';'CRS3035RES200mN2051600E4259000';'LAEA200M_N10258E21295';'9.25965';'41.5635';'9.26204';'41.5635';'9.26201';'41.5653';'9.25963';'41.5653';'1922268-1281';'1922268-1182';'1922268-1199';'1922268-1296';'1922268'
'914';'CRS3035RES200mN2051800E4240600';'LAEA200M_N10259E21203';'9.03992';'41.5634';'9.04231';'41.5634';'9.04228';'41.5652';'9.03989';'41.5652';'1676337-7482';'273352-7469';'1766847-7391';'1766847-7420';'590337-273352-527817-773837-1676337-654206-1766847'
'925';'CRS3035RES200mN2051800E4260000';'LAEA200M_N10259E21300';'9.27157';'41.5654';'9.27395';'41.5654';'9.27393';'41.5672';'9.27154';'41.5672';'1922268-443';'1922268-388';'1922268-479';'1922268-525';'1922268'
'926';'CRS3035RES200mN2051800E4260200';'LAEA200M_N10259E21301';'9.27395';'41.5654';'9.27634';'41.5654';'9.27632';'41.5672';'9.27393';'41.5672';'1922268-352';'1922268-342';'1922268-442';'1922268-450';'1922268'
'927';'CRS3035RES200mN2051800E4260400';'LAEA200M_N10259E21302';'9.27634';'41.5654';'9.27873';'41.5654';'9.27871';'41.5672';'9.27632';'41.5672';'1922268-360';'1922268-403';'1922268-491';'1922268-456';'1922268'
'936';'CRS3035RES200mN2052000E4240400';'LAEA200M_N10260E21202';'9.03750';'41.5652';'9.03989';'41.5652';'9.03986';'41.5670';'9.03747';'41.5670';'1676337-7220';'654206-7306';'654206-7232';'654206-7164';'590337-273352-527817-773837-1676337-654206-1766847'
'937';'CRS3035RES200mN2052000E4240600';'LAEA200M_N10260E21203';'9.03989';'41.5652';'9.04228';'41.5652';'9.04225';'41.5670';'9.03986';'41.5670';'1766847-7325';'1766847-7295';'1766847-7200';'1766847-7231';'273352-1766847'
'940';'CRS3035RES200mN2052000E4255000';'LAEA200M_N10260E21275';'9.21184';'41.5667';'9.21423';'41.5667';'9.21420';'41.5685';'9.21182';'41.5685';'666487-4297';'666487-4395';'666487-4384';'666487-4286';'1828622-666487'
'941';'CRS3035RES200mN2052000E4255200';'LAEA200M_N10260E21276';'9.21423';'41.5667';'9.21661';'41.5667';'9.21659';'41.5686';'9.21420';'41.5685';'666487-4493';'666487-4591';'666487-4581';'666487-4482';'1828622-445750-666487'
'945';'CRS3035RES200mN2052000E4257400';'LAEA200M_N10260E21287';'9.24050';'41.5669';'9.24289';'41.5670';'9.24286';'41.5688';'9.24048';'41.5687';'1922268-2913';'1922268-2817';'1922268-2838';'1922268-2933';'1922268-445750'
'949';'CRS3035RES200mN2052000E4259000';'LAEA200M_N10260E21295';'9.25960';'41.5671';'9.26199';'41.5671';'9.26197';'41.5689';'9.25958';'41.5689';'1922268-1384';'1922268-1293';'1922268-1338';'1922268-1426';'1922268'
'950';'CRS3035RES200mN2052000E4259200';'LAEA200M_N10260E21296';'9.26199';'41.5671';'9.26438';'41.5671';'9.26436';'41.5689';'9.26197';'41.5689';'1922268-1203';'1922268-1115';'1922268-1166';'1922268-1251';'1922268'
'952';'CRS3035RES200mN2052000E4259800';'LAEA200M_N10260E21299';'9.26916';'41.5671';'9.27154';'41.5672';'9.27152';'41.5690';'9.26914';'41.5690';'1922268-720';'1922268-662';'1922268-747';'1922268-802';'1922268'
'956';'CRS3035RES200mN2052200E4250600';'LAEA200M_N10261E21253';'9.15927';'41.5681';'9.16166';'41.5681';'9.16164';'41.5699';'9.15925';'41.5699';'1828622-296';'1828622-285';'1828622-186';'1828622-202';'1828622-666487'
'959';'CRS3035RES200mN2052200E4253200';'LAEA200M_N10261E21266';'9.19032';'41.5683';'9.19271';'41.5684';'9.19269';'41.5702';'9.19030';'41.5702';'666487-2498';'666487-2596';'666487-2586';'666487-2487';'1828622-666487'
'960';'CRS3035RES200mN2052200E4255000';'LAEA200M_N10261E21275';'9.21182';'41.5685';'9.21420';'41.5685';'9.21418';'41.5703';'9.21179';'41.5703';'666487-4277';'666487-4376';'666487-4370';'666487-4271';'1828622-666487'
'961';'CRS3035RES200mN2052200E4255200';'LAEA200M_N10261E21276';'9.21420';'41.5685';'9.21659';'41.5686';'9.21657';'41.5704';'9.21418';'41.5703';'666487-4475';'666487-4574';'666487-4568';'666487-4469';'1828622-445750-666487'
'962';'CRS3035RES200mN2052200E4255800';'LAEA200M_N10261E21279';'9.22137';'41.5686';'9.22376';'41.5686';'9.22373';'41.5704';'9.22135';'41.5704';'445750-4360';'445750-4275';'445750-4225';'445750-4311';'445750'
'967';'CRS3035RES200mN2052400E4250800';'LAEA200M_N10262E21254';'9.16164';'41.5699';'9.16403';'41.5699';'9.16400';'41.5717';'9.16161';'41.5717';'1828622-144';'666487-225';'666487-192';'666487-93';'1828622-666487'
'968';'CRS3035RES200mN2052400E4251000';'LAEA200M_N10262E21255';'9.16403';'41.5699';'9.16641';'41.5700';'9.16639';'41.5718';'9.16400';'41.5717';'666487-313';'666487-405';'666487-390';'666487-291';'1828622-666487'
'974';'CRS3035RES200mN2052400E4255200';'LAEA200M_N10262E21276';'9.21418';'41.5703';'9.21657';'41.5704';'9.21655';'41.5722';'9.21416';'41.5722';'666487-4467';'666487-4566';'666487-4565';'666487-4466';'1828622-445750-666487'
'978';'CRS3035RES200mN2052400E4256000';'LAEA200M_N10262E21280';'9.22373';'41.5704';'9.22612';'41.5704';'9.22610';'41.5722';'9.22371';'41.5722';'445750-4090';'445750-4004';'445750-3955';'445750-4042';'445750'
'982';'CRS3035RES200mN2052600E4233400';'LAEA200M_N10263E21167';'8.95383';'41.5698';'8.95621';'41.5698';'8.95618';'41.5716';'8.95380';'41.5716';'1676337-2181';'1676337-2172';'1676337-2072';'1676337-2082';'1676337'
'983';'CRS3035RES200mN2052600E4251000';'LAEA200M_N10263E21255';'9.16400';'41.5717';'9.16639';'41.5718';'9.16636';'41.5736';'9.16398';'41.5736';'666487-304';'666487-402';'666487-435';'666487-349';'1828622-666487'
'984';'CRS3035RES200mN2052600E4251200';'LAEA200M_N10263E21256';'9.16639';'41.5718';'9.16878';'41.5718';'9.16875';'41.5736';'9.16636';'41.5736';'666487-498';'666487-596';'666487-618';'666487-525';'1828622-666487'
'988';'CRS3035RES200mN2052600E4254800';'LAEA200M_N10263E21274';'9.20938';'41.5721';'9.21177';'41.5721';'9.21175';'41.5739';'9.20936';'41.5739';'666487-4068';'666487-4167';'666487-4171';'666487-4071';'1828622-666487'
'989';'CRS3035RES200mN2052600E4255000';'LAEA200M_N10263E21275';'9.21177';'41.5721';'9.21416';'41.5722';'9.21413';'41.5740';'9.21175';'41.5739';'666487-4267';'666487-4366';'666487-4369';'666487-4270';'1828622-666487'
'990';'CRS3035RES200mN2052600E4255200';'LAEA200M_N10263E21276';'9.21416';'41.5722';'9.21655';'41.5722';'9.21652';'41.5740';'9.21413';'41.5740';'666487-4466';'666487-4565';'666487-4568';'666487-4469';'1828622-445750-666487'
'991';'CRS3035RES200mN2052600E4256200';'LAEA200M_N10263E21281';'9.22610';'41.5722';'9.22849';'41.5723';'9.22847';'41.5741';'9.22608';'41.5741';'445750-3817';'445750-3727';'445750-3680';'445750-3768';'445750'
'993';'CRS3035RES200mN2052600E4261800';'LAEA200M_N10263E21309';'9.29298';'41.5727';'9.29537';'41.5728';'9.29535';'41.5746';'9.29296';'41.5746';'774683-1559';'774683-1628';'774683-1562';'774683-1486';'774683'
'1006';'CRS3035RES200mN2052800E4256600';'LAEA200M_N10264E21283';'9.23085';'41.5741';'9.23324';'41.5741';'9.23322';'41.5759';'9.23083';'41.5759';'445750-3372';'445750-3285';'445750-3237';'445750-3325';'445750'
'1008';'CRS3035RES200mN2052800E4261600';'LAEA200M_N10264E21308';'9.29057';'41.5745';'9.29296';'41.5746';'9.29294';'41.5764';'9.29055';'41.5763';'774683-1276';'774683-1345';'774683-1280';'774683-1207';'774683'
'1014';'CRS3035RES200mN2053000E4253600';'LAEA200M_N10265E21268';'9.19500';'41.5756';'9.19739';'41.5756';'9.19737';'41.5774';'9.19498';'41.5774';'666487-2916';'666487-3014';'666487-3032';'666487-2934';'1828622-666487'
'1022';'CRS3035RES200mN2053000E4260200';'LAEA200M_N10265E21301';'9.27383';'41.5762';'9.27622';'41.5762';'9.27619';'41.5780';'9.27381';'41.5780';'774683-863';'774683-811';'774683-725';'774683-783';'774683-536956'
'1030';'CRS3035RES200mN2053200E4258800';'LAEA200M_N10266E21294';'9.25708';'41.5779';'9.25947';'41.5779';'9.25945';'41.5797';'9.25706';'41.5797';'445750-1429';'445750-1378';'445750-1292';'445750-1346';'445750'
'1031';'CRS3035RES200mN2053200E4259000';'LAEA200M_N10266E21295';'9.25947';'41.5779';'9.26186';'41.5779';'9.26184';'41.5797';'9.25945';'41.5797';'445750-1332';'445750-1293';'445750-1201';'445750-1243';'445750'
'1033';'CRS3035RES200mN2053200E4260200';'LAEA200M_N10266E21301';'9.27381';'41.5780';'9.27619';'41.5780';'9.27617';'41.5799';'9.27378';'41.5798';'774683-708';'774683-644';'774683-564';'774683-641';'774683-536956'
'1041';'CRS3035RES200mN2053400E4254000';'LAEA200M_N10267E21270';'9.19973';'41.5793';'9.20212';'41.5793';'9.20210';'41.5811';'9.19971';'41.5811';'666487-3393';'666487-3488';'666487-3516';'666487-3421';'1828622-666487'
'1046';'CRS3035RES200mN2053400E4258200';'LAEA200M_N10267E21291';'9.24990';'41.5797';'9.25229';'41.5797';'9.25226';'41.5815';'9.24987';'41.5815';'445750-1697';'445750-1618';'445750-1559';'445750-1641';'445750'
'1049';'CRS3035RES200mN2053400E4259000';'LAEA200M_N10267E21295';'9.25945';'41.5797';'9.26184';'41.5797';'9.26182';'41.5816';'9.25943';'41.5815';'445750-1155';'445750-1109';'445750-1015';'445750-1070';'445750'
'1050';'CRS3035RES200mN2053400E4259200';'LAEA200M_N10267E21296';'9.26184';'41.5797';'9.26423';'41.5798';'9.26421';'41.5816';'9.26182';'41.5816';'445750-1066';'445750-1030';'445750-935';'445750-968';'445750'
'1054';'CRS3035RES200mN2053400E4260200';'LAEA200M_N10267E21301';'9.27378';'41.5798';'9.27617';'41.5799';'9.27615';'41.5817';'9.27376';'41.5816';'774683-581';'774683-496';'774683-442';'774683-535';'774683-536956'
'1057';'CRS3035RES200mN2053400E4265600';'LAEA200M_N10267E21328';'9.33828';'41.5803';'9.34067';'41.5803';'9.34065';'41.5821';'9.33826';'41.5821';'461776-2682';'461776-2749';'461776-2677';'461776-2608';'461776-674287'
'1061';'CRS3035RES200mN2053600E4256600';'LAEA200M_N10268E21283';'9.23076';'41.5813';'9.23315';'41.5813';'9.23313';'41.5831';'9.23074';'41.5831';'445750-3074';'445750-2978';'445750-2953';'445750-3049';'445750'
'1063';'CRS3035RES200mN2053600E4259200';'LAEA200M_N10268E21296';'9.26182';'41.5816';'9.26421';'41.5816';'9.26419';'41.5834';'9.26180';'41.5834';'445750-877';'445750-839';'445750-745';'445750-788';'445750'
'1065';'CRS3035RES200mN2053600E4259800';'LAEA200M_N10268E21299';'9.26899';'41.5816';'9.27137';'41.5816';'9.27135';'41.5834';'9.26896';'41.5834';'536956-791';'536956-727';'536956-651';'536956-723';'774674-774683-536956-445750'
'1066';'CRS3035RES200mN2053600E4260000';'LAEA200M_N10268E21300';'9.27137';'41.5816';'9.27376';'41.5816';'9.27374';'41.5835';'9.27135';'41.5834';'536956-670';'774683-604';'536956-530';'536956-587';'774674-774683-536956-445750'
'1069';'CRS3035RES200mN2053600E4260600';'LAEA200M_N10268E21303';'9.27854';'41.5817';'9.28093';'41.5817';'9.28091';'41.5835';'9.27852';'41.5835';'774683-139';'774683-101';'774683-3';'774683-96';'774683'
'1070';'CRS3035RES200mN2053600E4260800';'LAEA200M_N10268E21304';'9.28093';'41.5817';'9.28332';'41.5817';'9.28330';'41.5835';'9.28091';'41.5835';'774683-144';'774683-227';'774683-202';'774683-103';'774683'
